 [
    {
      "appointment_id": 2169,
      "doctor_name": "Shanmugavel",
      "salutation": "Dr",
      "appointment_status": "Confirmed",
      "appointment_date_time": "2023-02-15 13:00:00",
      "is_confirmed": true,
      "mode_of_communication": "Video Call"
    },
    {
      "appointment_id": 2170,
      "doctor_name": "Balaji",
      "salutation": "Dr",
      "appointment_status": "Pending",
      "appointment_date_time": "2023-11-20 14:00:00",
      "is_confirmed": false,
      "mode_of_communication": "Video Call"
    },
    {
      "appointment_id": 2172,
      "doctor_name": "Babu",
      "salutation": "Dr",
      "appointment_status": "Closed",
      "appointment_date_time": "2023-09-17 15:00:00",
      "is_confirmed": false,
      "mode_of_communication": "Call"
    },
    {
      "appointment_id": 2173,
      "doctor_name": "Geetha",
      "salutation": "Dr",
      "appointment_status": "Missed",
      "appointment_date_time": "2023-8-20 10:00:00",
      "is_confirmed": false,
      "mode_of_communication": "Video Call"
    }
  ]